age,income,credit_score,loan_amount,employment_years,num_accounts,debt_ratio,target
56,25903.31,400,10417.02,5,1,0.4494,1
69,53051.95,431,1667.12,24,1,0.4712,0
46,38654.74,680,20521.89,21,2,0.7313,1
32,28666.19,431,1000.0,1,9,0.5823,1
60,40301.41,319,9147.89,12,2,0.6234,1
25,33776.78,835,6814.44,4,2,0.8986,0
38,75307.12,526,6760.52,27,6,0.16,1
56,63224.6,453,9007.75,26,7,0.2784,0
36,49880.41,768,24738.99,24,7,0.4263,0
40,72199.16,704,21564.44,7,9,0.3782,0
28,51160.52,501,12986.15,22,6,0.1173,0
28,37080.74,337,24068.99,0,8,0.1734,1
41,72846.86,487,6501.62,19,6,0.6448,1
53,58083.65,356,5413.73,11,2,0.8035,1
57,34441.31,319,21908.77,22,1,0.5114,0
41,47144.92,572,19637.15,10,5,0.5314,0
20,36865.73,418,11317.89,6,9,0.3041,1
39,29258.0,815,5916.31,14,8,0.7143,1
19,63892.66,520,26677.86,21,4,0.7014,0
41,78641.25,825,1239.18,23,5,0.5707,0
61,29021.49,814,10212.59,10,5,0.2701,0
47,58444.54,635,16828.61,28,6,0.1776,0
55,40240.36,354,29417.32,21,3,0.1514,0
19,42693.12,799,18064.8,25,5,0.5742,0
38,41114.09,835,18842.44,15,2,0.76,1
50,37040.14,461,10444.93,2,1,0.7867,1
29,50727.82,458,19547.84,19,1,0.4709,0
39,37535.75,487,15842.47,13,7,0.7274,1
61,54056.85,359,2292.28,2,2,0.8575,1
42,49246.43,618,21343.48,0,4,0.3201,1
66,46415.78,510,22763.15,25,5,0.4184,1
44,36386.55,705,21426.92,20,7,0.8452,0
59,41348.43,408,15266.62,14,2,0.3706,1
45,61330.87,375,7350.58,0,6,0.8311,1
33,57513.76,841,1000.0,16,1,0.8848,1
32,35336.67,613,16256.43,1,7,0.6294,0
64,51489.98,416,23655.54,28,9,0.7535,1
68,61270.81,318,22964.26,19,5,0.6996,0
61,24958.92,731,21528.58,5,5,0.6596,0
69,58150.4,649,14406.31,7,4,0.3455,1
20,40060.64,482,23699.71,28,3,0.1457,0
54,58558.98,412,22393.29,15,9,0.3744,0
68,38551.11,482,11618.93,18,5,0.6335,1
24,22926.77,780,20412.78,0,8,0.182,0
38,25586.86,445,10712.33,2,9,0.1095,1
26,50721.27,412,19320.19,27,5,0.2118,1
56,53895.84,775,4607.07,2,9,0.6726,0
35,36435.25,602,5222.31,4,2,0.8782,0
21,59578.89,417,23465.66,26,9,0.8865,0
42,25077.2,460,22500.48,11,4,0.4952,1
31,49008.8,700,20068.89,11,6,0.7955,1
67,31834.76,497,15703.75,19,6,0.6895,1
26,40222.46,559,1000.0,12,6,0.5008,1
43,50710.98,346,14400.99,19,2,0.5582,1
19,37093.8,698,18633.47,8,7,0.2098,0
37,44231.67,377,10722.13,6,6,0.8501,1
45,65094.39,423,9300.05,3,1,0.3815,1
64,41346.62,374,26555.36,18,2,0.4569,1
24,62535.38,436,14517.69,21,7,0.6373,1
61,33054.4,699,18638.36,18,1,0.3671,1
25,57947.06,804,21193.05,5,1,0.3034,0
64,71623.53,799,6988.5,26,1,0.6048,0
52,15000.0,437,16545.66,12,8,0.12,0
31,38046.57,349,25557.16,10,4,0.6766,1
34,58656.08,553,29553.79,12,4,0.5112,0
53,46954.32,725,15319.49,12,2,0.5846,1
67,55567.19,846,13096.45,27,1,0.6055,1
57,40940.22,601,17152.19,24,9,0.5216,1
21,51298.85,648,16949.1,21,7,0.566,0
19,47664.84,348,26094.06,27,4,0.647,1
23,67516.73,373,7028.87,19,6,0.7025,0
59,53816.31,560,12761.02,14,2,0.682,1
21,55064.04,655,6062.87,20,7,0.7957,0
46,43821.85,559,6903.24,12,2,0.2516,0
35,42685.91,594,18012.59,21,8,0.4209,1
43,43511.63,612,21478.86,10,8,0.8582,1
61,55916.78,481,9804.87,18,1,0.4173,0
51,43685.23,663,21176.76,7,8,0.1999,1
27,54346.62,487,23892.63,19,2,0.5204,1
53,81131.01,842,30477.65,7,6,0.1876,0
31,63066.87,847,15557.97,9,1,0.2623,1
48,45109.65,707,9881.88,25,5,0.8987,0
65,68018.21,713,6980.22,15,7,0.5331,0
32,43878.87,641,6185.65,18,1,0.3272,1
25,19428.13,519,24998.25,25,2,0.8958,1
31,34878.71,462,2879.24,22,7,0.8732,1
40,21938.12,519,24741.99,10,6,0.4526,0
57,44727.3,569,8052.47,12,3,0.3083,1
38,50276.28,699,9518.35,27,2,0.7707,0
33,75146.56,481,13787.56,8,4,0.6725,1
62,54903.91,504,9370.76,19,3,0.6496,1
35,46713.49,527,22455.84,23,7,0.8145,1
64,62441.08,549,29506.75,18,8,0.6515,1
41,16832.97,740,9740.54,15,2,0.327,0
43,53534.22,832,11542.1,6,7,0.6551,0
42,61562.98,495,13693.43,18,8,0.3447,0
62,27821.21,818,19328.45,11,6,0.7074,1
58,67156.31,369,13772.13,14,6,0.5958,1
46,55077.45,698,26098.06,22,1,0.1619,0
32,43770.68,502,24172.99,13,4,0.5103,1
62,59491.73,447,5516.3,10,1,0.3746,1
18,84060.39,771,19167.75,25,4,0.3629,0
42,52727.99,498,27162.71,9,2,0.5818,1
24,53723.31,725,11041.75,26,5,0.3579,0
26,43109.59,791,12645.88,10,9,0.7215,1
41,37252.33,441,10775.7,5,3,0.1566,1
18,62455.04,612,10943.4,1,8,0.6283,0
61,37158.74,464,1652.39,10,3,0.7474,1
25,51073.49,613,4373.48,18,6,0.6383,0
41,42835.14,320,15619.79,5,4,0.4978,1
28,57184.7,381,27108.78,13,8,0.8602,1
68,55004.93,430,10093.11,19,6,0.34,0
34,65563.1,604,9857.94,5,8,0.1153,1
25,42349.75,670,28612.17,16,1,0.4456,0
52,45951.88,683,6133.94,9,6,0.1264,0
52,35318.54,744,1710.05,27,1,0.8631,0
50,43335.6,724,8371.88,0,1,0.2679,1
22,55659.51,460,9697.72,2,8,0.7311,0
59,61354.83,477,1020.38,7,7,0.7197,1
56,36167.52,789,13975.67,7,3,0.2742,1
58,63044.09,626,22587.57,26,6,0.597,0
45,70334.57,588,4712.36,19,9,0.1385,0
24,56201.52,653,15700.63,21,7,0.4869,1
26,78151.94,327,18167.49,14,3,0.1117,1
25,38393.16,342,14332.93,23,6,0.8369,1
29,31330.18,722,16485.54,6,4,0.8809,1
51,23319.2,476,16578.62,10,3,0.2778,1
50,72440.66,828,8498.18,6,9,0.2665,0
65,59815.48,793,26988.66,28,2,0.703,1
40,49166.23,497,24982.05,3,1,0.3027,0
41,54199.53,816,24519.29,24,2,0.8161,0
54,33117.66,813,23109.41,11,7,0.5591,1
52,86686.28,321,2400.16,25,1,0.3806,1
61,51938.32,411,22408.5,5,6,0.7662,1
57,51640.92,356,20244.81,13,7,0.4947,1
39,60886.5,365,2707.81,11,9,0.8293,1
44,57215.14,397,13280.72,10,8,0.8424,1
52,53358.26,443,17214.35,18,6,0.2323,0
18,38142.88,734,28314.54,20,3,0.1019,0
52,57072.03,385,20797.79,4,8,0.8871,1
54,78230.37,643,8083.47,13,7,0.8249,1
64,70181.3,593,28563.11,20,3,0.1444,1
31,73897.8,542,15350.24,23,9,0.7664,1
20,42331.76,331,12953.27,15,2,0.4662,1
18,35155.93,690,12383.05,24,3,0.3072,0
22,48113.2,576,2011.56,12,2,0.803,0
43,50835.87,831,14121.84,24,1,0.2573,0
31,66412.87,453,18979.88,28,4,0.8578,1
56,24613.03,682,11916.93,21,5,0.2645,1
44,72943.25,367,18363.62,21,6,0.5909,1
26,47629.88,513,8084.87,24,5,0.2785,0
32,43596.78,675,13872.58,19,1,0.5365,0
32,34818.43,512,17532.32,21,3,0.6472,1
43,25177.15,378,16517.29,3,1,0.2522,1
59,62347.56,680,2156.28,10,5,0.5167,1
30,51099.77,357,11487.95,16,5,0.4752,1
68,30650.59,325,28419.7,6,6,0.1568,1
49,30573.82,746,11060.43,13,8,0.7546,1
56,44963.23,365,15126.46,25,1,0.3685,1
66,75035.32,553,14305.95,10,4,0.5597,1
69,46106.13,343,27545.92,27,1,0.5118,0
49,27452.86,396,25322.94,21,9,0.5106,0
21,46313.85,526,21460.25,8,7,0.1858,0
47,45909.15,735,7214.06,22,7,0.4388,1
54,15000.0,678,17873.46,12,5,0.4619,0
40,49185.58,477,19543.53,22,7,0.6869,0
56,46535.98,726,9411.16,17,2,0.772,1
62,60443.1,606,8035.86,27,4,0.536,0
32,77734.34,803,28640.11,10,7,0.1694,0
60,66898.48,567,12593.57,14,3,0.2895,0
46,45966.67,307,27919.81,24,2,0.2319,1
53,33402.11,807,22976.75,25,2,0.1997,1
30,88600.4,775,18263.01,24,1,0.3927,0
49,50888.28,596,18620.25,21,5,0.2835,1
24,50208.94,463,3796.64,28,6,0.2746,0
68,49638.12,784,16654.2,18,6,0.1438,0
39,52971.27,371,26336.16,0,9,0.1141,1
45,47834.59,537,20450.72,3,4,0.1822,0
19,41395.07,403,16234.69,13,1,0.2378,1
59,41797.12,509,28695.5,13,6,0.4448,1
62,49508.7,767,13519.67,2,5,0.5084,0
23,41848.63,753,10043.55,29,6,0.2125,0
45,39307.31,567,16230.66,27,3,0.4398,0
45,51596.45,685,21131.74,16,2,0.3734,0
61,46175.34,686,1257.65,2,6,0.2467,0
61,72559.89,558,17278.95,15,1,0.1055,0
37,15000.0,582,21482.76,13,7,0.4736,1
47,66372.6,339,12842.87,29,7,0.6485,0
28,68691.28,785,23855.72,19,7,0.281,0
45,18899.15,519,20129.49,28,1,0.2054,0
42,44859.69,428,32131.06,12,4,0.8096,1
56,44428.39,819,8995.18,14,7,0.32,0
50,28887.32,559,21645.68,13,9,0.2789,0
18,38332.75,665,6861.41,23,5,0.7857,1
44,33341.36,843,2077.07,24,2,0.7537,0
69,76284.06,823,1000.0,18,7,0.4587,1
30,64035.18,315,19306.59,5,1,0.4914,1
58,69073.33,428,16473.98,9,7,0.2742,0
20,60825.08,408,11167.59,26,6,0.1626,0
56,33064.22,832,1000.0,14,7,0.5587,1
23,42132.2,568,9476.91,20,3,0.1787,0
25,57340.62,461,15032.74,21,3,0.4594,0
44,31668.08,559,21345.35,19,7,0.8524,1
26,60694.98,401,14867.71,25,2,0.8623,0
54,46395.12,805,17016.48,5,1,0.2915,0
50,44377.69,546,11990.94,22,9,0.5993,0
68,60664.4,836,28993.79,24,9,0.4793,0
59,56663.95,430,6854.0,9,7,0.8005,1
61,44585.51,652,9406.09,6,7,0.3171,1
41,67389.95,495,11061.14,21,3,0.103,1
32,33784.05,681,19341.64,16,2,0.23,0
49,59239.03,526,6689.12,17,7,0.3796,0
49,58896.52,775,16085.75,16,9,0.3526,1
41,45356.8,776,16319.28,8,1,0.7331,0
58,54892.0,564,9445.14,9,4,0.6444,0
69,31233.3,671,17639.84,9,6,0.3396,1
66,63860.41,785,6937.49,24,7,0.4662,1
66,47226.47,733,6063.41,6,7,0.1764,1
69,42159.15,510,15796.85,15,2,0.8185,1
29,65735.14,676,1721.96,28,4,0.8483,1
56,39434.84,694,1000.0,17,5,0.8838,1
19,28873.08,749,19262.67,5,1,0.7948,1
20,26650.56,663,23391.76,26,1,0.2392,0
66,59090.15,756,11265.58,19,3,0.137,0
54,30793.56,525,9655.43,0,3,0.5637,1
66,76321.91,430,23044.28,0,8,0.8301,1
34,18771.06,775,5835.69,11,9,0.2419,0
66,75446.85,576,4093.02,20,1,0.1056,0
19,53165.26,455,20661.09,27,2,0.7444,1
19,48549.3,517,15072.31,1,2,0.1614,1
45,41826.21,489,23519.01,3,4,0.431,1
40,55987.04,716,1000.0,16,2,0.6431,1
54,49435.48,845,3794.61,3,7,0.2894,1
49,66549.53,340,15114.66,10,9,0.1672,0
50,51713.41,606,18341.39,21,7,0.716,1
18,52254.53,637,21775.98,25,6,0.6041,1
36,44545.82,613,16398.54,3,1,0.8908,0
19,49145.82,374,16317.24,0,9,0.3754,1
61,54617.03,578,11884.79,6,5,0.1494,1
43,24347.47,475,27727.24,29,5,0.6875,1
49,29777.22,572,6175.81,17,6,0.5174,0
23,61148.96,588,17872.16,8,9,0.2706,0
49,52562.98,571,7097.53,28,8,0.7254,1
21,47240.25,365,19278.23,2,8,0.263,1
28,50276.51,782,6703.86,7,8,0.3085,0
34,55213.73,547,20950.53,28,1,0.174,0
55,41903.6,455,15896.84,23,1,0.4195,0
41,38325.43,346,28957.11,18,8,0.4351,0
22,52937.68,753,12751.84,3,5,0.5116,0
69,35324.41,500,18399.73,17,9,0.6672,1
51,56123.79,423,8762.75,19,2,0.8249,1
23,24461.25,300,12696.86,26,9,0.2102,1
39,65437.33,490,15846.0,10,8,0.1435,0
28,57088.96,815,2782.24,26,9,0.1148,0
65,53840.45,741,3659.01,13,4,0.2149,0
33,64740.36,442,19798.87,24,1,0.6264,1
50,74982.12,490,13831.31,17,1,0.682,1
26,65215.55,832,10256.59,27,5,0.7292,0
23,22386.89,526,9104.11,27,2,0.295,0
33,30806.35,612,9412.09,28,8,0.3447,0
46,40627.72,601,15900.41,15,5,0.4865,0
20,50391.37,759,18560.29,2,5,0.1505,0
37,57764.89,700,1000.0,14,2,0.5889,0
53,39113.84,692,26302.67,26,7,0.887,0
36,52801.5,506,25733.61,26,8,0.3886,1
43,38669.26,509,1000.0,3,1,0.7023,1
20,40827.23,414,23687.41,4,2,0.5,1
36,28900.08,550,23441.75,16,4,0.2022,1
37,36151.5,518,15003.56,6,5,0.5658,0
49,29724.73,706,4622.65,15,2,0.3399,1
24,35361.9,742,23121.82,13,1,0.1275,0
69,65804.63,653,13070.15,25,9,0.6079,0
58,35759.02,849,19391.03,15,1,0.7871,1
50,89485.73,441,32753.61,6,4,0.3758,0
57,57399.77,800,17014.69,8,2,0.4122,1
56,52772.54,846,7664.92,3,4,0.8128,1
35,37124.63,841,12314.15,29,8,0.7509,1
57,60504.65,806,8684.44,29,8,0.672,0
18,41365.43,580,18467.92,21,9,0.299,1
28,51830.15,723,8551.46,10,5,0.8282,1
45,88401.27,569,11217.19,1,7,0.2235,0
42,48559.1,453,4724.56,11,3,0.6014,0
67,67239.1,382,13943.3,11,4,0.123,0
40,39452.35,725,16414.04,29,9,0.615,0
48,49475.17,574,1000.0,3,1,0.3217,1
47,76562.01,583,17076.59,17,2,0.4597,0
59,40595.49,472,14634.4,25,5,0.3762,1
52,77186.73,626,8880.06,20,3,0.2382,0
24,60616.28,362,31229.03,6,2,0.5976,1
33,41563.0,372,22667.81,28,1,0.8056,0
43,59486.12,674,6228.78,0,3,0.8673,1
65,64588.32,807,21705.9,25,1,0.2539,0
69,59327.15,697,24955.98,25,1,0.6739,0
66,26446.63,419,16056.17,22,1,0.6315,1
19,39092.94,736,17891.54,25,8,0.3747,1
18,46287.22,764,17706.77,12,3,0.1153,0
65,48883.5,585,1000.0,5,1,0.6518,0
29,59310.08,564,13505.04,5,7,0.8564,0
22,52665.52,619,13088.7,11,3,0.6057,0
54,29969.83,675,26441.25,7,8,0.4482,1
49,55702.97,388,17669.82,23,4,0.5201,1
26,59158.79,502,12619.11,21,4,0.2597,0
58,58396.86,633,14279.0,18,5,0.7004,0
52,66211.71,521,23187.08,4,6,0.6971,1
36,62508.83,340,13523.32,17,7,0.2164,1
65,56887.7,367,9414.44,29,4,0.8024,0
33,48947.51,813,12794.38,4,8,0.3154,1
20,25085.59,426,22525.57,29,6,0.8858,1
37,56444.27,554,18969.32,24,1,0.4063,1
41,53115.32,315,15354.14,9,1,0.2423,1
50,54073.68,776,16532.31,0,9,0.3814,1
41,30848.77,361,10522.06,9,6,0.4521,1
69,33784.15,731,13448.4,4,8,0.1554,1
28,65797.29,567,9693.57,11,7,0.5626,1
66,49406.67,334,12641.77,21,6,0.5781,1
25,60222.51,793,25769.43,29,4,0.6911,0
53,50424.78,768,6377.03,26,7,0.1233,0
55,50446.34,624,9490.26,6,9,0.533,1
57,64074.26,603,4965.61,8,7,0.1423,0
37,42259.33,575,3232.73,21,1,0.6609,1
52,51441.81,500,13505.82,20,9,0.1446,1
65,43065.87,744,10059.13,11,4,0.8294,1
42,43482.56,623,29093.51,22,3,0.6617,0
52,45362.42,334,12737.23,28,4,0.5059,0
42,53332.01,781,25315.17,0,4,0.4532,1
46,42818.77,779,22744.05,10,2,0.2045,0
35,68836.34,364,13328.37,29,1,0.3328,1
63,36580.89,307,31881.08,20,1,0.7952,0
35,47196.93,600,17148.27,14,8,0.8236,1
19,43404.03,642,27104.07,1,2,0.1006,0
52,71704.67,730,26172.78,19,5,0.5753,0
33,52948.32,723,18317.18,6,4,0.6754,1
58,65477.67,631,21009.05,20,8,0.595,0
53,27716.59,737,19992.57,11,2,0.1653,0
50,54005.75,473,5845.91,21,9,0.2742,0
21,63344.46,826,15458.32,17,7,0.3003,1
50,51234.26,325,23593.98,2,7,0.7654,1
31,65982.21,705,27209.49,6,1,0.4706,0
38,42240.67,531,9234.88,10,2,0.4895,1
65,71140.21,832,19230.65,17,4,0.8479,0
37,84483.47,849,16206.96,11,4,0.6097,0
25,44557.42,804,14057.01,5,3,0.8189,0
24,43317.46,478,17848.02,4,7,0.4652,1
20,71800.77,431,16743.98,25,8,0.2195,0
34,73693.58,754,19331.26,0,2,0.8439,0
50,42157.1,647,26533.73,11,4,0.467,1
65,43697.2,839,21273.02,26,3,0.2453,0
29,45773.23,705,17484.73,25,2,0.3419,0
68,29833.24,375,29917.0,10,6,0.1406,1
39,36220.22,791,23879.44,3,4,0.4746,0
39,34937.89,493,14260.81,26,6,0.7825,1
63,38483.04,461,5263.04,17,2,0.8469,1
47,49479.73,646,7097.35,3,4,0.8461,0
55,53513.22,660,22465.86,16,6,0.2002,0
55,73257.51,386,9957.5,1,5,0.4056,1
62,35024.69,561,6935.56,28,3,0.1226,0
68,64764.84,513,8935.32,23,8,0.7841,0
25,46790.17,561,9500.93,21,7,0.387,0
44,49258.04,582,21805.18,1,3,0.6049,1
44,60122.29,766,13746.06,11,6,0.6719,0
51,33159.17,679,4021.0,5,4,0.4439,0
38,55736.15,661,15248.36,9,5,0.3452,1
47,52496.78,748,16778.13,24,5,0.8698,0
50,57386.77,740,11165.31,22,7,0.8716,0
45,54337.53,392,24247.08,24,5,0.3315,0
64,86829.5,723,11632.49,20,3,0.4837,0
50,40433.9,441,23866.7,22,5,0.8783,1
22,42035.05,590,19774.26,26,7,0.1039,1
65,40652.89,731,22412.84,15,5,0.4301,0
36,41667.84,348,6211.59,13,5,0.1804,0
21,40439.19,601,15786.48,6,9,0.5073,0
52,67835.25,489,14577.38,27,3,0.1197,0
66,71307.56,435,3623.95,27,6,0.4255,1
34,41438.81,703,23840.49,18,1,0.2766,1
61,37514.67,640,8460.79,22,5,0.5266,0
45,57071.23,617,10123.46,16,8,0.8968,1
47,41716.65,662,6893.47,8,5,0.7404,1
46,59493.98,681,20609.49,25,9,0.7765,1
63,53043.85,532,2792.56,12,6,0.6082,0
23,27263.84,643,19943.0,21,8,0.1332,1
52,73212.58,848,23356.11,4,8,0.2654,0
58,76938.17,828,19297.43,22,3,0.8401,0
54,40808.17,482,20701.03,4,7,0.3929,1
41,44184.48,340,21076.37,9,7,0.1829,1
46,54287.98,696,7404.61,20,6,0.6619,1
66,55016.85,793,26477.88,26,7,0.3396,0
63,59878.16,632,11319.39,9,2,0.3151,1
48,80153.07,426,14468.9,26,9,0.8984,0
52,47345.79,300,12338.9,6,1,0.7865,0
50,38025.54,467,18932.34,25,1,0.4264,0
69,29310.21,318,10695.7,14,3,0.8842,1
38,39036.05,631,15535.33,6,3,0.6201,0
49,49503.1,755,5117.25,28,1,0.6936,1
40,76918.37,408,24317.32,26,7,0.1252,0
50,42235.83,567,20365.93,14,4,0.1973,0
20,53356.82,744,12661.92,2,2,0.6065,0
35,49753.66,539,11246.81,18,5,0.8192,1
42,67825.9,600,20157.03,9,6,0.599,1
59,87903.99,402,9341.65,27,9,0.2072,0
48,42036.97,549,16002.92,28,4,0.1926,0
20,42658.41,752,24291.19,14,2,0.7753,1
57,65662.41,819,8509.94,2,5,0.2114,0
63,60228.37,452,17948.81,5,3,0.5162,0
41,77700.61,473,17525.8,11,2,0.1297,0
67,58758.92,642,14221.31,14,1,0.1645,0
49,44610.62,730,10969.68,5,2,0.6379,0
64,58859.82,623,24718.38,12,6,0.6513,0
39,66630.55,719,10219.45,28,8,0.3732,0
40,62307.23,784,1000.0,18,3,0.2725,0
19,57609.11,711,20124.27,2,9,0.751,1
44,66000.12,383,5389.57,7,9,0.2737,1
59,67539.43,412,20535.05,7,2,0.5336,1
19,70732.38,631,25679.23,22,8,0.8746,0
43,59730.65,677,20038.0,25,5,0.2183,0
34,47493.23,340,23571.29,19,4,0.8527,1
57,52200.71,404,31160.39,14,5,0.2463,1
50,68097.63,501,22734.08,3,4,0.554,1
26,37745.96,749,17644.59,18,8,0.4016,1
60,55530.1,565,28071.59,20,4,0.8719,1
65,44099.92,509,29038.2,2,6,0.3188,1
56,50431.17,417,29150.17,12,2,0.4197,1
46,69176.78,676,11062.85,7,5,0.8863,0
59,52866.49,839,4167.85,22,6,0.5292,0
43,50696.55,383,10574.46,15,5,0.5021,1
52,29602.16,753,20629.13,12,2,0.3062,0
67,61193.8,813,16273.27,2,7,0.6611,0
42,59682.26,686,13348.15,15,4,0.1115,1
41,82448.82,649,19483.85,8,8,0.1396,0
30,45383.33,595,3233.56,27,7,0.5795,1
24,53287.25,557,16129.35,13,7,0.3733,0
53,53740.76,380,23947.66,12,9,0.8627,1
62,73661.8,567,19394.53,20,1,0.8226,1
37,48570.57,718,20534.48,24,6,0.671,0
18,54185.32,534,27778.98,6,6,0.7545,1
25,59118.45,610,14470.85,14,6,0.6339,0
63,52799.14,656,9775.27,6,6,0.2005,1
33,43303.5,512,24516.12,5,7,0.7124,1
31,52911.35,348,24368.97,1,6,0.2682,1
29,66104.48,426,19466.33,8,1,0.3588,0
68,34602.27,522,13717.03,21,3,0.7554,1
40,51994.55,578,15011.04,23,2,0.5292,0
32,39498.19,707,4785.82,16,6,0.788,1
45,67925.7,804,23903.57,4,8,0.2704,1
51,27152.2,593,23621.21,11,3,0.5862,0
19,41616.17,576,4506.54,0,8,0.167,1
49,55658.18,737,21941.06,9,8,0.6144,1
40,73482.86,406,18232.81,10,5,0.71,0
39,49013.75,719,6824.21,15,8,0.5679,1
68,41672.01,728,5352.0,13,6,0.313,0
42,78217.36,674,17987.95,7,5,0.1251,1
39,28279.79,372,11818.37,23,9,0.1956,1
39,17017.91,329,29559.59,16,7,0.5978,1
66,56600.22,487,22620.79,24,8,0.8475,1
69,42469.19,663,18789.55,17,1,0.2652,0
59,34681.51,750,19184.63,11,2,0.688,1
23,60625.35,494,25646.94,24,8,0.7932,1
32,53657.01,455,21772.14,16,9,0.5167,0
60,41538.82,471,18998.13,27,4,0.6354,1
54,30795.43,340,7157.91,25,9,0.752,0
50,63086.86,362,39495.58,13,4,0.3085,1
25,59753.02,322,6174.54,15,9,0.3375,0
61,48512.36,659,12499.66,13,7,0.1005,1
61,77699.55,374,1762.17,8,2,0.8705,0
22,33948.73,417,19310.39,3,9,0.834,1
56,27117.12,679,16208.88,24,4,0.7117,1
21,39621.38,589,21122.21,22,8,0.1633,1
23,49316.21,739,1087.47,10,7,0.458,0
62,53650.09,306,23903.25,5,7,0.1815,1
49,46381.46,495,8540.52,14,8,0.1127,1
69,55280.83,720,13807.96,4,1,0.5929,1
47,31226.91,492,22452.57,10,5,0.8687,0
64,71656.47,447,17090.13,24,2,0.8223,1
52,48767.73,501,17655.54,17,2,0.6574,1
57,66759.44,743,21393.43,29,1,0.1773,0
69,55140.88,718,18430.33,12,5,0.3193,0
33,56851.3,726,12271.14,10,2,0.356,0
30,58546.51,778,13668.25,13,4,0.7105,0
67,56715.63,774,16695.03,27,3,0.7418,1
59,59640.84,425,7835.55,17,3,0.4081,0
47,69937.29,694,22968.07,26,2,0.4343,1
36,52947.82,624,17309.23,27,6,0.1356,0
34,60635.06,691,15598.21,24,2,0.3313,0
36,48653.96,739,24539.97,27,8,0.461,1
45,71601.76,503,14039.09,18,8,0.1936,0
43,39854.12,785,13540.63,23,5,0.4626,1
54,77014.11,330,11122.97,26,7,0.7825,0
43,49397.63,687,17744.54,14,4,0.5651,0
40,28538.37,733,17467.6,8,1,0.1631,0
26,51921.57,675,9669.73,7,2,0.2533,1
29,39784.23,643,13578.45,19,4,0.4796,0
18,62609.65,742,9723.18,27,1,0.3892,0
18,40210.64,374,9361.05,0,8,0.387,1
64,43307.25,454,1160.82,3,9,0.5234,1
51,21656.89,729,13152.72,13,4,0.5675,1
49,43215.41,662,1382.29,24,3,0.7375,0
65,15000.0,747,11297.47,1,2,0.3728,0
42,26241.46,533,10098.44,15,5,0.7444,1
57,61406.22,561,23415.16,2,3,0.3709,1
62,61787.0,424,6880.52,25,7,0.1443,0
18,56381.86,544,8910.51,7,6,0.5434,1
33,35495.36,841,11947.81,5,1,0.5703,1
56,49284.33,784,10358.85,15,8,0.8476,1
22,49945.96,421,25954.04,23,2,0.6808,1
39,32624.53,424,5891.46,15,5,0.8342,1
46,72550.97,848,11964.76,6,9,0.8267,1
20,63160.43,469,17656.52,29,8,0.5837,1
29,46685.54,423,22049.47,12,2,0.5222,1
43,50403.29,334,11958.07,12,9,0.546,1
33,53125.74,386,1000.0,4,5,0.8827,0
68,19373.98,500,13799.17,24,6,0.7185,1
54,46292.34,668,25816.23,19,3,0.185,1
39,39770.24,376,17257.5,21,3,0.7227,1
46,34975.7,358,16891.34,17,8,0.2364,0
31,45783.5,730,6495.86,14,2,0.4579,1
45,76965.3,799,5674.63,17,2,0.2684,0
22,59612.64,408,15144.33,1,5,0.6517,1
64,41432.32,577,3588.97,9,6,0.8018,0
66,58588.74,367,21250.9,22,2,0.3323,0
47,70990.33,368,8226.83,12,5,0.1656,0
63,63869.51,464,14802.74,17,7,0.3388,1
69,50894.46,788,1000.0,14,8,0.6379,1
22,40295.95,604,11849.59,11,7,0.363,1
29,60473.35,664,5513.12,14,8,0.3225,0
33,55902.28,678,1000.0,12,9,0.2475,1
43,63427.9,642,19334.74,17,5,0.498,1
43,59527.58,653,28129.28,14,5,0.3208,0
65,65743.29,715,24035.79,24,4,0.6848,0
38,41971.47,408,20453.53,22,9,0.1613,1
56,69760.91,796,11687.03,10,5,0.6312,1
53,52963.99,640,21447.12,18,2,0.29,0
50,81128.91,682,24790.83,2,8,0.4914,1
47,39662.18,832,16094.57,6,7,0.3289,0
54,76039.46,599,5525.12,20,8,0.6782,1
40,52968.66,438,11004.93,25,3,0.8562,1
27,40228.73,658,28621.57,13,4,0.8337,1
22,42741.71,798,14402.05,13,5,0.5667,1
53,45194.79,684,1000.0,21,6,0.4701,0
51,56362.49,579,3248.61,12,1,0.7546,0
69,57842.53,782,11604.41,11,4,0.6467,1
48,41394.5,410,23286.6,23,5,0.2469,0
27,49634.68,438,12815.02,8,7,0.7567,1
36,82134.06,734,23435.45,0,5,0.4431,0
49,75913.15,808,10790.7,18,1,0.2512,0
18,56544.86,572,1000.0,10,7,0.3254,1
22,50570.05,398,11067.51,22,8,0.314,1
62,51800.47,403,17759.56,21,7,0.5154,1
21,59202.77,513,17095.6,22,4,0.2875,0
33,34658.11,464,4959.14,23,8,0.1989,0
41,46139.35,819,12190.43,21,5,0.199,0
33,24971.24,583,36477.39,18,9,0.5666,0
19,55988.35,816,5133.85,17,5,0.6878,1
66,59707.94,463,20285.79,11,1,0.3572,1
45,42752.2,363,1000.0,22,9,0.1277,0
49,73609.8,390,21910.33,27,5,0.2018,1
44,31613.52,416,7861.4,27,6,0.8318,0
37,28034.38,566,18216.71,27,4,0.4948,1
41,53366.78,439,4667.8,26,6,0.4629,1
29,65706.47,545,17326.82,0,8,0.1304,1
67,75258.92,694,7730.8,18,3,0.6829,0
52,43116.74,786,9279.61,27,5,0.5225,1
50,66180.21,775,18535.89,26,2,0.2617,0
50,49422.37,816,11556.92,19,2,0.1881,0
68,47410.59,483,18043.05,28,7,0.4067,0
60,63254.9,319,13473.27,29,6,0.7697,1
54,59784.84,823,15539.95,16,4,0.7922,1
29,26354.12,828,18560.69,4,5,0.5823,0
20,72148.11,446,12199.85,25,1,0.682,1
18,70701.37,603,7031.6,2,7,0.1921,1
50,40616.56,527,10741.5,1,8,0.5705,1
57,55937.05,401,24561.11,2,9,0.6336,1
27,57410.45,716,15929.38,7,8,0.2606,0
60,53910.11,515,8240.81,15,5,0.8041,1
61,41745.42,706,18212.48,5,3,0.256,0
46,39925.65,698,18746.52,12,9,0.3508,0
30,49616.69,798,19159.99,29,6,0.5964,1
29,67590.94,764,7177.3,22,5,0.6107,0
48,58154.0,381,9540.87,27,3,0.6595,1
63,44440.79,664,9585.37,21,6,0.1896,0
19,61575.48,462,12114.82,21,3,0.7796,0
68,15000.0,347,19311.35,15,6,0.5263,0
67,67231.49,810,17369.48,27,4,0.4771,0
52,23904.29,628,18001.74,15,2,0.8849,1
40,44563.39,415,25832.15,2,8,0.6923,1
34,33204.95,636,20511.13,27,4,0.1944,1
43,30579.78,446,13865.59,12,9,0.7052,1
25,67412.4,622,5528.92,13,7,0.1762,0
46,42984.48,742,9283.62,7,2,0.122,0
43,55197.56,312,12906.36,11,4,0.4229,1
27,49296.19,793,21633.04,22,5,0.8949,1
43,57155.61,586,14781.34,22,3,0.2399,1
51,51152.33,413,9750.43,21,9,0.6381,0
68,30755.12,779,9136.86,20,5,0.2387,1
58,64944.0,321,14443.37,25,2,0.6798,1
24,42593.65,648,22119.9,7,3,0.5043,0
21,26651.27,619,27728.15,20,9,0.644,0
67,43578.27,425,13353.85,24,7,0.2623,0
62,72511.4,576,14642.05,8,2,0.6965,1
28,62753.33,503,5288.47,0,9,0.8965,1
46,44770.22,493,30513.54,5,4,0.6325,1
53,44761.13,846,3791.98,22,9,0.4948,0
42,45175.47,585,24373.3,18,2,0.8385,1
38,81151.22,356,12077.31,22,4,0.1127,0
53,55729.03,602,10205.07,10,5,0.6839,1
27,56450.62,462,6119.97,10,2,0.811,1
54,65454.25,318,34280.39,22,1,0.1493,0
26,53581.84,669,16771.93,29,7,0.4601,0
41,46114.37,563,15170.24,12,1,0.2638,1
52,47054.75,412,22093.86,10,8,0.5532,0
66,48925.98,787,9793.34,17,3,0.6196,1
52,49441.67,626,15014.77,22,6,0.3421,0
65,60914.44,841,15450.69,14,7,0.468,0
53,50779.19,364,10902.83,0,1,0.3235,1
35,60989.6,591,24597.1,20,6,0.3955,0
66,48789.25,324,13250.76,24,7,0.2276,1
56,51179.53,848,2574.94,6,6,0.8084,1
49,20026.99,300,12588.02,22,4,0.108,0
41,63744.92,848,16993.43,26,1,0.8059,0
40,55197.33,440,7852.05,12,9,0.5573,1
49,64970.15,487,8483.24,11,4,0.3653,1
54,15000.0,427,10629.93,17,7,0.6784,1
29,81325.62,500,24769.89,23,7,0.5062,0
66,47906.16,426,11102.74,18,2,0.4993,1
30,66622.74,556,26432.94,14,1,0.1881,1
40,34401.41,846,10080.4,7,8,0.4116,0
42,59191.61,493,17600.11,18,8,0.2929,1
52,34198.77,403,11430.06,9,7,0.1126,1
58,40643.47,834,21032.67,6,8,0.3881,1
47,78710.47,564,6053.81,17,3,0.1719,1
34,47139.76,683,20942.88,15,2,0.3055,1
66,53261.49,559,15910.96,19,7,0.174,0
37,63051.02,713,9880.07,26,8,0.1808,1
65,57435.23,657,13670.23,5,1,0.2592,0
42,52256.28,374,27270.84,26,9,0.8999,0
39,55474.42,654,16102.76,8,4,0.1017,0
30,86051.23,487,9378.18,20,4,0.6109,0
36,49135.72,589,5362.45,12,3,0.213,1
66,53016.49,344,19043.23,24,6,0.8365,1
53,65759.82,382,16566.76,20,1,0.1749,1
29,66582.89,422,20560.17,25,6,0.8641,1
58,67805.45,657,3302.2,7,2,0.5887,0
36,59580.95,827,5621.92,15,9,0.101,0
29,32854.93,365,24175.03,12,2,0.8152,0
26,74501.47,674,17650.73,12,7,0.5174,1
24,32804.82,461,19267.21,16,1,0.3101,0
45,54539.53,679,7298.5,22,7,0.7138,1
31,38685.86,657,7152.1,19,5,0.8413,1
48,49037.92,487,22930.07,4,8,0.487,1
69,54931.44,621,23307.02,21,4,0.3524,0
36,54820.36,749,6293.44,20,7,0.7312,0
64,56328.81,773,4765.04,27,6,0.6454,0
33,74205.67,312,14131.26,16,5,0.811,0
22,56803.01,483,8605.21,27,4,0.654,0
52,46337.65,410,8438.58,8,7,0.2948,1
29,64461.31,807,4988.97,1,5,0.8453,0
42,67842.06,589,11252.53,24,5,0.1839,0
69,31585.88,594,5762.44,25,1,0.3144,1
38,58961.0,750,6236.79,17,2,0.5162,1
53,60517.59,514,17387.13,8,5,0.5526,1
40,45536.55,326,14558.41,5,3,0.1122,1
33,70635.6,530,18879.03,10,2,0.7245,1
56,47749.17,620,1807.73,24,4,0.3893,0
62,51883.65,532,15079.04,28,4,0.4251,0
59,47403.92,736,31605.1,5,4,0.7475,1
56,50233.69,832,12021.82,5,4,0.4034,0
31,33555.87,702,21597.99,12,3,0.1378,1
48,28399.24,352,21528.05,10,7,0.2412,0
22,73917.58,612,21921.59,13,9,0.8647,1
52,37295.58,580,16333.29,1,5,0.1563,1
40,35129.11,330,19528.69,7,4,0.3839,1
46,17699.15,636,20592.11,2,2,0.5025,1
60,40415.57,482,20083.57,22,2,0.4946,1
28,30153.65,322,6060.65,20,5,0.1032,0
35,74630.23,843,1340.92,2,7,0.5009,1
64,65147.26,745,2571.33,0,9,0.407,0
29,39677.74,373,12838.72,23,7,0.8777,1
26,83786.54,309,19751.41,18,5,0.2273,1
27,64726.48,783,6164.71,17,6,0.3833,0
61,45127.53,755,22391.76,16,3,0.4356,1
34,15000.0,459,10981.8,19,5,0.4126,0
55,84364.14,313,11057.96,28,8,0.6327,0
24,29156.41,477,8311.14,23,1,0.2724,0
63,25319.02,711,1000.0,12,1,0.2769,1
30,65338.56,352,16834.51,2,7,0.6834,1
57,86596.29,707,28701.34,29,5,0.5002,0
59,70764.09,321,14498.68,0,5,0.4321,0
26,58458.64,329,1000.0,3,1,0.2354,1
67,58921.32,559,21242.74,24,9,0.25,0
44,62801.23,504,2001.62,12,1,0.1084,0
19,61383.93,358,5327.72,16,5,0.1731,1
22,54217.87,770,13093.29,27,9,0.5455,0
46,51563.02,765,15982.75,29,4,0.8135,0
54,49061.1,311,6930.69,10,8,0.3297,0
55,38690.53,589,12781.47,1,6,0.3622,0
36,45789.87,653,20721.3,24,3,0.1925,0
25,24605.65,374,21817.43,15,4,0.4109,1
65,48524.91,740,25011.65,1,2,0.1298,1
62,35171.13,540,30275.35,28,1,0.8341,0
18,33446.16,453,21479.11,18,8,0.6385,0
39,52698.41,395,13266.11,22,1,0.8926,0
69,70880.03,593,21874.51,18,1,0.8063,0
34,63774.75,508,18733.73,24,4,0.4784,1
24,26442.49,642,19050.94,15,6,0.5157,0
42,35155.58,387,16417.75,21,9,0.2525,1
62,64111.57,689,7703.57,18,1,0.4696,1
21,35262.69,624,6775.23,8,7,0.8224,0
53,46630.5,456,14223.05,0,5,0.1407,1
23,58250.78,436,16191.28,9,8,0.7908,1
48,35474.83,727,9564.47,18,7,0.3728,0
36,51580.63,751,18386.74,0,4,0.8196,1
61,29989.62,440,31646.13,1,4,0.8527,0
56,40979.49,382,1045.35,15,6,0.6367,1
44,54796.73,476,19657.96,11,6,0.6315,1
27,26105.09,497,14472.2,7,9,0.4622,1
43,56607.12,720,18605.24,22,5,0.7684,1
36,49705.43,700,11554.28,17,8,0.8693,1
56,58287.35,770,13831.52,1,5,0.7201,0
20,53358.71,517,16036.0,24,2,0.5975,1
62,70462.11,474,12586.93,28,6,0.5854,0
30,51878.37,322,2835.67,12,9,0.7796,0
67,43558.92,534,13128.68,5,3,0.533,1
45,51834.46,312,3668.53,20,1,0.7431,1
37,58149.47,400,20225.54,25,1,0.5071,1
45,50732.9,835,1000.0,5,3,0.15,0
25,50608.88,822,23229.24,8,5,0.4072,0
58,39470.12,751,18436.5,15,3,0.4556,0
56,40056.49,730,18467.11,10,9,0.2133,0
18,28960.92,832,1000.0,6,8,0.182,0
20,76243.65,592,12371.2,9,3,0.5284,0
30,31342.05,400,24228.51,9,9,0.1681,1
45,39606.42,801,10851.14,29,6,0.3424,0
66,39223.89,603,6375.5,24,7,0.6957,0
42,63423.87,839,9906.64,19,4,0.8715,0
50,45575.75,654,14453.78,17,4,0.6743,1
55,68716.13,602,8189.04,27,2,0.8941,0
23,39897.64,795,24870.54,23,5,0.6587,0
61,54184.91,526,14482.66,19,8,0.335,0
62,37469.79,535,10555.45,28,7,0.6376,0
49,82177.24,754,4589.25,8,7,0.6617,1
62,32186.02,312,18875.57,14,6,0.3974,0
64,54647.31,509,18693.33,3,3,0.1142,0
38,59506.65,696,8662.33,7,5,0.6626,0
33,56206.99,399,1000.0,8,1,0.1174,1
38,47220.69,330,18286.1,12,7,0.605,1
28,48052.69,827,13505.57,8,9,0.2309,0
54,50657.17,628,17688.57,25,1,0.5525,1
53,47794.97,465,30657.4,3,2,0.5031,1
52,64458.19,758,14785.35,16,3,0.1108,0
36,83157.85,399,10889.29,15,3,0.3903,1
37,41637.62,472,5821.42,14,8,0.5809,1
35,29452.96,461,12500.63,2,7,0.7789,1
64,48675.77,562,16284.62,24,6,0.8109,1
58,88695.64,573,15426.46,19,4,0.4871,0
66,37944.88,302,28787.72,4,9,0.6827,1
31,74586.75,327,18992.68,22,1,0.3532,1
32,75165.51,625,13921.59,4,2,0.3737,0
48,41696.18,448,9347.52,19,4,0.2556,0
18,58534.75,839,17133.38,14,3,0.5496,0
20,74425.95,787,7743.93,17,1,0.3517,1
33,44313.08,737,16438.65,14,5,0.1675,1
40,46946.29,364,18899.31,1,7,0.648,0
28,41274.79,655,13268.38,28,2,0.6662,1
29,34778.65,832,9957.71,12,5,0.388,0
27,40260.84,551,1000.0,3,6,0.1614,1
49,31640.9,534,24150.69,9,7,0.441,1
33,50511.25,526,18226.4,12,1,0.4539,0
25,38450.4,824,18420.94,9,7,0.6349,0
55,53506.79,612,2509.18,28,4,0.3523,0
29,26661.57,348,26038.71,8,8,0.6461,1
41,54963.2,417,11278.27,7,4,0.7972,1
45,62502.93,353,12689.64,2,6,0.29,1
25,20093.97,343,6445.71,15,9,0.8831,1
45,55610.85,352,1000.0,13,5,0.4091,1
53,68415.03,824,24258.77,8,4,0.3138,1
43,31855.38,401,25292.78,29,8,0.4372,1
25,75088.59,697,13675.77,20,9,0.1755,0
67,56285.29,437,9564.92,10,4,0.2006,0
45,39424.82,686,11983.65,2,3,0.4315,0
45,49163.46,410,12203.08,4,8,0.71,1
54,58374.9,316,5401.12,28,5,0.8202,0
58,51140.08,481,12661.96,9,2,0.6319,1
53,58081.34,835,16224.82,12,9,0.1842,0
44,36189.9,840,23145.26,3,3,0.6376,0
34,52540.41,470,15113.95,23,2,0.6083,1
26,28794.28,708,2389.19,12,1,0.7446,1
50,48331.61,677,17828.38,11,8,0.7602,1
37,36441.39,487,12952.56,4,3,0.7946,1
30,38967.05,529,25963.28,9,7,0.4313,1
45,68541.4,418,26435.66,27,1,0.6583,0
65,66369.65,455,26715.63,23,1,0.3146,0
46,59137.07,764,10507.3,8,9,0.8995,1
30,33615.31,403,30918.84,19,8,0.2403,0
63,45253.87,801,17807.54,6,3,0.1081,1
52,68196.47,474,28011.04,1,6,0.219,1
23,52125.75,720,10979.04,21,3,0.7207,0
35,84789.94,433,12611.23,23,4,0.4574,1
68,55899.77,690,17192.22,27,1,0.458,0
22,52880.74,800,16215.02,22,5,0.864,1
64,45363.25,332,25038.5,6,1,0.8357,1
42,52003.11,354,13142.97,7,1,0.349,1
19,47712.95,818,24316.92,6,7,0.2672,1
27,60621.63,311,20857.88,20,6,0.7788,1
47,64350.53,827,13292.86,22,2,0.8248,0
67,38210.16,672,20237.41,28,2,0.5333,0
62,30031.51,783,11213.88,13,7,0.6035,1
22,22456.92,527,33801.65,25,1,0.3055,0
50,57619.87,606,1000.0,18,2,0.7406,1
18,33449.5,756,20383.55,4,8,0.6057,0
35,17706.64,459,1000.0,22,6,0.5028,1
49,55828.68,630,13194.75,24,2,0.1481,1
64,87394.99,524,14315.14,17,7,0.8327,0
66,49908.94,803,27061.07,19,4,0.5924,0
28,62577.36,755,9462.78,11,2,0.2542,1
38,51227.44,344,25464.1,22,6,0.5851,1
43,48516.66,513,5569.47,16,9,0.642,1
42,63786.15,358,25773.36,12,9,0.5206,1
39,45645.88,494,11205.24,1,8,0.6745,1
44,54010.88,788,15587.48,24,3,0.5652,0
66,54825.47,456,12308.97,12,3,0.8582,1
30,39978.64,525,25258.91,25,2,0.143,0
50,64880.64,711,23701.92,6,5,0.185,0
51,47375.6,504,18548.01,27,4,0.2389,0
58,38663.82,378,5785.05,9,7,0.6521,1
52,58047.65,423,9279.83,22,4,0.6165,0
18,36522.98,770,6771.39,5,9,0.8136,1
38,50422.72,517,1000.0,2,2,0.6863,1
65,49863.22,815,25090.54,25,6,0.5067,0
23,66288.43,403,12377.41,2,7,0.8935,0
45,57120.47,692,12292.05,17,4,0.3129,1
34,49624.6,733,26968.82,10,6,0.7666,1
22,62266.49,630,11192.09,21,7,0.4414,0
48,70853.11,442,8276.23,19,4,0.619,1
22,58367.15,839,13202.04,4,8,0.6818,1
55,50155.29,577,5938.65,18,9,0.607,0
20,30322.46,532,17754.85,21,1,0.2124,0
40,34023.3,828,12010.7,26,7,0.4544,0
54,45421.63,389,10941.83,27,9,0.5492,0
54,40857.32,791,10248.77,18,5,0.7792,1
27,47195.43,498,14150.23,29,2,0.4549,1
27,50849.75,661,15667.85,14,6,0.835,0
36,57945.39,740,10840.2,29,7,0.4523,0
34,48942.52,325,12129.87,15,2,0.539,1
38,57297.52,324,14347.82,23,2,0.737,1
31,50967.12,693,13540.65,8,1,0.5665,1
26,20368.0,806,15248.61,3,4,0.8682,1
63,35909.97,600,9586.63,14,7,0.6283,1
18,47838.69,638,23036.74,24,9,0.5182,0
68,31854.58,566,15774.63,11,3,0.1189,0
62,58998.93,760,10969.23,22,7,0.431,0
30,72961.26,755,17755.07,2,7,0.3394,1
21,68281.43,659,14405.05,22,7,0.6985,1
18,46798.36,367,1129.39,13,2,0.2666,1
66,72360.89,711,17727.62,16,6,0.2642,0
57,52230.01,790,6843.95,18,2,0.2516,0
49,44943.71,348,22475.42,5,6,0.2005,1
51,40798.96,401,13066.0,3,3,0.3488,1
45,45462.95,515,21240.56,6,2,0.8087,0
48,44177.35,737,9958.25,29,6,0.7199,1
25,52556.24,458,15559.43,18,2,0.6882,1
56,52408.61,788,24681.95,16,5,0.7379,1
43,50045.69,541,12847.87,24,2,0.3155,0
51,56554.07,304,10273.46,15,3,0.81,1
20,67859.69,660,20240.32,14,3,0.2098,1
67,64243.31,758,20085.29,21,6,0.3691,0
29,27726.53,547,10610.01,7,6,0.5694,1
18,15000.0,721,1000.0,18,3,0.1823,0
61,64014.8,314,10119.82,7,3,0.6841,1
22,29496.82,421,20418.88,17,1,0.4098,0
47,46628.52,576,8799.73,27,7,0.7275,1
47,32448.3,752,14912.5,15,8,0.4943,0
34,22970.29,689,9740.12,19,2,0.2447,0
65,58121.94,593,1000.0,18,4,0.6878,1
64,61387.33,745,9596.15,9,7,0.3017,1
40,41352.34,509,20385.06,16,8,0.4926,1
32,15000.0,601,1000.0,12,1,0.1604,0
54,41806.33,522,17017.34,12,4,0.5943,0
38,55877.06,302,5511.45,6,6,0.6327,1
31,27816.33,817,19867.54,26,3,0.4029,0
19,52750.4,392,20714.55,9,5,0.8635,1
28,49770.35,819,13624.42,1,9,0.7993,1
68,58689.37,727,13642.65,3,3,0.6664,0
56,51793.71,792,8549.1,24,5,0.6709,0
55,35403.97,534,4235.33,5,8,0.3019,1
51,67948.57,460,28584.74,23,6,0.6255,0
55,47622.06,630,8079.43,17,4,0.2586,0
67,49590.43,632,27542.37,22,8,0.2152,0
51,36000.98,349,8124.0,5,3,0.8996,1
35,43350.77,822,19201.52,28,3,0.5979,0
47,36727.96,791,5897.54,29,4,0.4448,1
32,47405.81,571,19187.16,24,9,0.3305,0
44,75675.63,551,12395.3,22,5,0.5831,1
68,29421.48,389,12499.87,16,8,0.1397,0
51,25796.58,745,19880.19,13,6,0.1757,0
69,72067.55,631,11246.87,23,3,0.1263,0
55,46860.14,438,3574.81,10,8,0.4993,1
50,39963.91,656,21090.44,25,9,0.5805,1
41,65598.57,573,5832.8,18,8,0.15,1
32,40915.77,318,19132.14,29,4,0.677,0
47,77390.15,610,22783.97,1,6,0.2843,0
59,60168.89,453,11996.05,27,1,0.6482,1
68,42681.33,689,24458.82,2,4,0.8855,0
34,82359.62,559,18854.27,10,8,0.6529,0
22,40914.28,424,9433.11,5,1,0.8066,1
46,61131.43,653,26211.43,28,3,0.8586,1
21,54489.39,572,5866.63,13,1,0.4894,0
27,69526.12,544,11986.4,18,9,0.6619,1
34,73422.67,749,13349.48,25,2,0.7816,0
27,50480.06,546,19841.79,15,9,0.3853,0
34,38698.73,819,23923.47,20,4,0.3091,0
37,56899.58,440,23422.33,21,2,0.8573,1
41,39834.27,661,16789.99,23,4,0.681,1
22,80200.81,307,12757.85,6,6,0.2757,1
51,52048.03,777,1000.0,29,7,0.4593,0
23,44520.18,651,4486.83,26,3,0.7372,1
19,52770.2,794,29133.24,7,3,0.5377,0
30,29793.11,726,1000.0,18,8,0.62,0
60,35425.79,338,8724.07,19,5,0.703,0
60,68006.21,486,24156.85,15,4,0.5976,1
65,40146.59,392,16677.71,21,7,0.5321,1
28,34296.34,385,22424.36,26,7,0.6997,1
68,58049.79,343,19342.63,6,9,0.6821,1
64,67785.56,436,26756.66,8,9,0.6039,1
40,60784.3,720,17363.42,12,5,0.3878,0
33,64940.72,373,20307.58,0,8,0.4246,1
48,38648.07,847,9206.03,28,1,0.8764,0
28,28672.84,811,19690.66,7,9,0.1899,1
33,72520.0,455,11830.99,23,8,0.3148,0
25,45159.8,554,11375.15,21,6,0.4939,0
21,46237.5,470,22157.79,3,3,0.7694,0
57,69922.91,469,22212.99,2,3,0.2309,0
21,58343.45,621,28507.54,26,8,0.3216,0
42,56838.32,755,27986.11,2,5,0.1526,0
20,82475.04,454,22338.52,21,7,0.6648,0
49,40347.23,648,1236.44,12,5,0.2906,1
20,63917.6,750,29621.45,7,8,0.4109,1
44,50855.2,472,22343.74,6,4,0.455,1
46,54028.88,309,8873.12,26,2,0.8131,1
49,72927.03,564,20831.27,0,3,0.4291,1
67,57617.54,737,6701.87,26,8,0.2162,0
68,58074.44,546,19949.04,15,7,0.5195,0
36,66087.61,845,4469.84,5,2,0.8704,1
38,44525.71,798,8534.25,6,6,0.5861,1
22,37411.85,428,20679.43,11,9,0.8867,0
35,34327.86,626,23583.09,22,4,0.7729,1
45,20504.65,703,17603.49,8,9,0.1288,0
59,80843.11,658,12710.65,26,2,0.6267,1
39,33451.87,316,1000.0,10,2,0.3294,1
38,46681.2,573,13327.83,9,9,0.5477,1
23,45847.8,415,19267.88,20,7,0.3235,0
18,54611.1,390,12465.88,0,7,0.3791,1
22,62236.06,381,14819.38,17,1,0.8385,1
58,62907.1,623,13515.06,3,6,0.2653,1
29,41253.84,413,12426.35,4,7,0.7993,1
43,47493.17,357,15607.02,8,6,0.1244,0
63,54238.7,453,12818.44,26,6,0.1727,0
51,46269.63,703,26546.32,16,2,0.7837,1
66,74110.18,565,1000.0,2,6,0.6044,1
31,57364.62,614,10633.26,15,4,0.6978,1
43,61023.17,340,8037.95,4,9,0.2675,0
62,59943.22,404,16752.88,15,1,0.5297,0
44,67602.11,492,15617.16,2,8,0.6898,1
26,52715.32,700,27977.54,19,5,0.6019,0
43,30547.52,577,30609.14,14,1,0.4774,0
64,55995.32,653,8815.33,29,4,0.8678,0
39,40229.65,555,15004.0,2,1,0.6409,0
64,42070.75,398,16570.44,19,6,0.8262,0
47,58795.46,581,8617.49,13,2,0.6838,0
60,68574.25,702,20027.06,15,5,0.6884,1
65,50319.07,408,13083.94,28,7,0.164,0
34,54632.5,498,6458.92,28,2,0.3876,0
43,75533.22,602,12763.45,16,6,0.7867,1
53,53611.3,626,7018.6,27,6,0.2861,0
18,89025.25,453,23293.17,23,5,0.1924,0
25,58482.64,704,30212.47,19,5,0.3609,1
66,23588.56,761,16958.55,22,3,0.2764,0
52,61300.12,431,15890.21,17,2,0.8402,1
69,55717.38,383,16219.48,17,7,0.7944,1
32,69346.29,698,24457.87,21,1,0.4997,1
64,60097.72,408,24285.59,13,6,0.1491,0
39,47923.16,520,14074.77,17,6,0.6716,0
31,31635.53,667,17020.72,14,3,0.5987,1
43,46864.65,446,20221.17,14,2,0.8764,0
45,37242.19,411,5898.5,5,2,0.5472,0
40,41292.15,793,24700.87,26,9,0.3691,0
31,58828.68,804,28878.66,14,5,0.5152,0
41,75048.57,774,24320.26,17,7,0.8834,0
19,55920.07,570,5035.25,3,5,0.6571,1
62,32061.75,720,1000.0,22,7,0.6376,1
43,56669.04,666,20669.75,7,4,0.2925,0
31,67949.47,579,8918.48,14,8,0.6949,0
68,40853.26,582,17297.07,2,7,0.7002,1
24,47989.74,339,27281.19,29,5,0.3538,0
20,50220.32,488,9744.36,14,6,0.487,1
64,38226.53,463,11979.56,12,5,0.3357,0
40,59724.21,835,17213.78,8,7,0.307,0
63,48185.78,835,4619.92,1,2,0.1207,1
60,56292.99,303,8937.15,23,5,0.3282,0
64,36687.62,589,15198.86,7,3,0.5432,1
62,43438.13,732,12596.36,28,9,0.1013,0
35,60835.72,770,19867.26,29,6,0.3266,0
55,44407.5,480,37127.84,19,3,0.8051,0
